{"manifestVersion":"1.1","info":{"id":"f4c4712c-ceae-4803-8e52-0e2049d5de9f,version=2.5.1429","manifestType":"Extension"},"packages":[{"id":"Component.f4c4712c-ceae-4803-8e52-0e2049d5de9f","version":"2.5.1429","type":"Component","extension":true,"dependencies":{"f4c4712c-ceae-4803-8e52-0e2049d5de9f":"2.5.1429","Microsoft.VisualStudio.Component.CoreEditor":"17.0","Microsoft.VisualStudio.Component.GraphDocument":"17.0"},"localizedResources":[{"language":"en-US","title":"EF Core Power Tools","description":"Useful design-time DbContext features, added to the Visual Studio Solution Explorer context menu.\n\nWhen right-clicking on a C# project, the following context menu functions are available:\nReverse Engineer - Generates POCO classes, derived DbContext and Code First mapping for an existing database or SQL Server Database project (.dacpac).\nMigrations Tool - Manage EF Core Migrations in the project: View status, Add Migration, Update Database\nAdd DbContext Model Diagram - Adds a DGML graph from your DbContext Model.\nView DbContext Model SQL DDL - View a SQL DDL script from your DbContext Model.\nAbout - Displays version and other diagnostic information about your Visual Studio instance. \n        "}]},{"id":"f4c4712c-ceae-4803-8e52-0e2049d5de9f","version":"2.5.1429","type":"Vsix","payloads":[{"fileName":"EFCorePowerTools.vsix","size":73201710}],"vsixId":"f4c4712c-ceae-4803-8e52-0e2049d5de9f","extensionDir":"[installdir]\\Common7\\IDE\\Extensions\\l3t4l2pp.nqy","installSizes":{"targetDrive":78249969}}]}